{"cameraMode":{"drawMode":0,"name":"Shaded","section":"Shading Mode"},"sceneLighting":true,"audioPlay":false,"sceneViewState":{"showFog":true,"showMaterialUpdate":false,"showSkybox":true,"showFlares":true,"showImageEffects":true,"showParticleSystems":true},"in2DMode":false,"pivot":{"x":4.3753228187561039,"y":7.402615070343018,"z":7.023648738861084},"rotation":{"x":-0.022432511672377588,"y":-0.6699969172477722,"z":0.019923090934753419,"w":-0.7420153617858887},"size":0.8358160853385925,"orthographic":false}