{"cameraMode":{"drawMode":0,"name":"Shaded","section":"Shading Mode"},"sceneLighting":true,"audioPlay":false,"sceneViewState":{"showFog":true,"showMaterialUpdate":false,"showSkybox":true,"showFlares":true,"showImageEffects":true,"showParticleSystems":true},"in2DMode":false,"pivot":{"x":2.9744391441345217,"y":2.762002468109131,"z":0.4996989965438843},"rotation":{"x":-0.005599417258054018,"y":-0.6900601983070374,"z":0.004997638054192066,"w":-0.7239652872085571},"size":3.4430365562438967,"orthographic":false}