{"cameraMode":{"drawMode":0,"name":"Shaded","section":"Shading Mode"},"sceneLighting":true,"audioPlay":false,"sceneViewState":{"showFog":true,"showMaterialUpdate":false,"showSkybox":true,"showFlares":true,"showImageEffects":true,"showParticleSystems":true},"in2DMode":false,"pivot":{"x":3.597275733947754,"y":3.1080610752105715,"z":0.2711358666419983},"rotation":{"x":0.0032221099827438595,"y":0.7193477749824524,"z":-0.0031444919295608999,"w":0.6947382092475891},"size":2.1739182472229006,"orthographic":false}