{"cameraMode":{"drawMode":0,"name":"Shaded","section":"Shading Mode"},"sceneLighting":true,"audioPlay":false,"sceneViewState":{"showFog":true,"showMaterialUpdate":false,"showSkybox":true,"showFlares":true,"showImageEffects":true,"showParticleSystems":true},"in2DMode":false,"pivot":{"x":16.970611572265626,"y":7.816279411315918,"z":6.777987003326416},"rotation":{"x":0.006662799045443535,"y":0.7395837306976318,"z":-0.007319685071706772,"w":0.6729986667633057},"size":5.410141468048096,"orthographic":false}