{"cameraMode":{"drawMode":0,"name":"Shaded","section":"Shading Mode"},"sceneLighting":true,"audioPlay":false,"sceneViewState":{"showFog":true,"showMaterialUpdate":false,"showSkybox":true,"showFlares":true,"showImageEffects":true,"showParticleSystems":true},"in2DMode":false,"pivot":{"x":10.479990005493164,"y":6.297204971313477,"z":4.512970924377441},"rotation":{"x":-0.0005237102741375566,"y":-0.9873833656311035,"z":0.15833036601543427,"w":-0.0032636444084346296},"size":3.4260706901550295,"orthographic":false}