{"cameraMode":{"drawMode":0,"name":"Shaded","section":"Shading Mode"},"sceneLighting":true,"audioPlay":false,"sceneViewState":{"showFog":true,"showMaterialUpdate":false,"showSkybox":true,"showFlares":true,"showImageEffects":true,"showParticleSystems":true},"in2DMode":false,"pivot":{"x":10.175844192504883,"y":7.124053478240967,"z":6.72128963470459},"rotation":{"x":0.009287796914577484,"y":0.6946558952331543,"z":-0.008949206210672856,"w":0.7192562222480774},"size":3.056105136871338,"orthographic":false}