{"cameraMode":{"drawMode":0,"name":"Shaded","section":"Shading Mode"},"sceneLighting":true,"audioPlay":false,"sceneViewState":{"showFog":true,"showMaterialUpdate":false,"showSkybox":true,"showFlares":true,"showImageEffects":true,"showParticleSystems":true},"in2DMode":false,"pivot":{"x":11.180676460266114,"y":8.313520431518555,"z":7.211576461791992},"rotation":{"x":-0.08620398491621018,"y":0.6736734509468079,"z":0.07960018515586853,"w":0.7296939492225647},"size":1.922771692276001,"orthographic":false}